ymd,value
2012-03-30,0.109811188811189
2012-03-31,0.110496503496504
2012-04-01,0.108513888888889
2012-04-02,0.109222222222222
2012-04-03,0.110479166666667
2012-04-04,0.108444444444444
2012-04-05,0.109340277777778
2012-04-06,0.109423611111111
2012-04-07,0.10975
2012-04-08,0.110041666666667
2012-04-09,0.110381944444444
2012-04-10,0.110222222222222
2012-04-11,0.111930555555556
2012-04-12,0.107555555555556
2012-04-13,0.108993055555556
2012-04-14,0.112840277777778
2012-04-15,0.1073125
2012-04-16,0.108
2012-04-17,0.109444444444444
2012-04-18,0.107041666666667
2012-04-19,0.107347222222222
2012-04-20,0.107756944444444
2012-04-21,0.107993055555556
2012-04-22,0.108479166666667
2012-04-23,0.106548611111111
2012-04-24,0.106993055555556
2012-04-25,0.107965277777778
2012-04-26,0.108569444444444
2012-04-27,0.109472222222222
2012-04-28,0.106527777777778
2012-04-29,0.1079375
2012-04-30,0.1079375
2012-05-01,0.107930555555556
2012-05-02,0.108381944444444
2012-05-03,0.112215277777778
2012-05-04,0.107069444444444
2012-05-05,0.106784722222222
2012-05-06,0.108131944444444
2012-05-07,0.108118055555556
2012-05-08,0.107444444444444
2012-05-09,0.109916666666667
2012-05-10,0.107451388888889
2012-05-11,0.106604166666667
2012-05-12,0.106625
2012-05-13,0.107159722222222
2012-05-14,0.1078125
2012-05-15,0.1120625
2012-05-16,0.106111111111111
2012-05-17,0.106923611111111
2012-05-18,0.108743055555556
2012-05-19,0.107041666666667
2012-05-20,0.107333333333333
2012-05-21,0.107222222222222
2012-05-22,0.106708333333333
2012-05-23,0.105604166666667
2012-05-24,0.106395833333333
2012-05-25,0.108125
2012-05-26,0.106513888888889
2012-05-27,0.107840277777778
2012-05-28,0.108145833333333
2012-05-29,0.112819444444444
2012-05-30,0.107069444444444
2012-05-31,0.1056875
2012-06-01,0.106888888888889
2012-06-02,0.105104166666667
2012-06-03,0.105520833333333
2012-06-04,0.106944444444444
2012-06-05,0.106986111111111
2012-06-06,0.106152777777778
2012-06-07,0.106833333333333
2012-06-08,0.108111111111111
2012-06-09,0.107979166666667
2012-06-10,0.104388888888889
2012-06-11,0.105347222222222
2012-06-12,0.106833333333333
2012-06-13,0.104715277777778
2012-06-14,0.105395833333333
2012-06-15,0.106097222222222
2012-06-16,0.105638888888889
2012-06-17,0.1050625
2012-06-18,0.106083333333333
2012-06-19,0.105659722222222
2012-06-20,0.106666666666667
2012-06-21,0.1059375
2012-06-22,0.105111111111111
2012-06-23,0.104805555555556
2012-06-24,0.105611111111111
2012-06-25,0.104861111111111
2012-06-26,0.105541666666667
2012-06-27,0.106083333333333
2012-06-28,0.10675
2012-06-29,0.107319444444444
2012-06-30,0.108048611111111
2012-07-01,0.108930555555556
2012-07-02,0.105631944444444
2012-07-03,0.106986111111111
2012-07-04,0.104854166666667
2012-07-05,0.105854166666667
2012-07-06,0.1074375
2012-07-07,0.108111111111111
2012-07-08,0.104625
2012-07-09,0.104458333333333
2012-07-10,0.105534722222222
2012-07-11,0.106631944444444
2012-07-12,0.107118055555556
2012-07-13,0.106486111111111
2012-07-14,0.107222222222222
2012-07-15,0.104784722222222
2012-07-16,0.105201388888889
2012-07-17,0.106756944444444
2012-07-18,0.1060625
2012-07-19,0.107034722222222
2012-07-20,0.10675
2012-07-21,0.106666666666667
2012-07-22,0.106798611111111
2012-07-23,0.107430555555556
2012-07-24,0.108430555555556
2012-07-25,0.109909722222222
2012-07-26,0.109694444444444
2012-07-27,0.111020833333333
2012-07-28,0.110423611111111
2012-07-29,0.110319444444444
2012-07-30,0.110645833333333
2012-07-31,0.110236111111111
2012-08-01,0.111361111111111
2012-08-02,0.111770833333333
2012-08-03,0.111194444444444
2012-08-04,0.111402777777778
2012-08-05,0.111833333333333
2012-08-06,0.110729166666667
2012-08-07,0.111638888888889
2012-08-08,0.106430555555556
2012-08-09,0.107833333333333
2012-08-10,0.108791666666667
2012-08-11,0.110541666666667
2012-08-12,0.105916666666667
2012-08-13,0.106097222222222
2012-08-14,0.107652777777778
2012-08-15,0.107520833333333
2012-08-16,0.106958333333333
2012-08-17,0.108465277777778
2012-08-18,0.108381944444444
2012-08-19,0.108298611111111
2012-08-20,0.109006944444444
2012-08-21,0.109229166666667
2012-08-22,0.109791666666667
2012-08-23,0.110076388888889
2012-08-24,0.110097222222222
2012-08-25,0.110777777777778
2012-08-26,0.110673611111111
2012-08-27,0.111555555555556
2012-08-28,0.111034722222222
2012-08-29,0.112118055555556
2012-08-30,0.111694444444444
2012-08-31,0.112138888888889
2012-09-01,0.111083333333333
2012-09-02,0.107944444444444
2012-09-03,0.108381944444444
2012-09-04,0.10875
2012-09-05,0.106993055555556
2012-09-06,0.108854166666667
2012-09-07,0.105284722222222
2012-09-08,0.106375
2012-09-09,0.106361111111111
2012-09-10,0.107145833333333
2012-09-11,0.106986111111111
2012-09-12,0.106472222222222
2012-09-13,0.107819444444444
2012-09-14,0.107513888888889
2012-09-15,0.10825
2012-09-16,0.107888888888889
2012-09-17,0.1075
2012-09-18,0.106472222222222
2012-09-19,0.104541666666667
2012-09-20,0.10525
2012-09-21,0.106076388888889
2012-09-22,0.104722222222222
2012-09-23,0.107083333333333
2012-09-24,0.103333333333333
2012-09-25,0.103763888888889
2012-09-26,0.103625
2012-09-27,0.103798611111111
2012-09-28,0.103513888888889
2012-09-29,0.1043125
2012-09-30,0.104763888888889
2012-10-01,0.104625
2012-10-02,0.104993055555556
2012-10-03,0.105229166666667
2012-10-04,0.103131944444444
2012-10-05,0.103534722222222
2012-10-06,0.103986111111111
2012-10-07,0.107986111111111
2012-10-08,0.102319444444444
2012-10-09,0.102833333333333
2012-10-10,0.103194444444444
2012-10-11,0.104347222222222
2012-10-12,0.103611111111111
2012-10-13,0.103111111111111
2012-10-14,0.104763888888889
2012-10-15,0.103409722222222
2012-10-16,0.103409722222222
2012-10-17,0.105652777777778
2012-10-18,0.104388888888889
2012-10-19,0.103354166666667
2012-10-20,0.103548611111111
2012-10-21,0.103
2012-10-22,0.102615384615385
2012-10-23,0.10641958041958
2012-10-24,0.101395833333333
2012-10-25,0.102402777777778
2012-10-26,0.103354166666667
2012-10-27,0.102944444444444
2012-10-28,0.105625
2012-10-29,0.102319444444444
2012-10-30,0.102451388888889
2012-10-31,0.102541666666667
2012-11-01,0.104340277777778
2012-11-02,0.102659722222222
2012-11-03,0.102395833333333
2012-11-04,0.103423611111111
2012-11-05,0.103027777777778
2012-11-06,0.103293706293706
2012-11-07,0.104447552447552
2012-11-08,0.102041958041958
2012-11-09,0.102
2012-11-10,0.103111888111888
2012-11-11,0.103152777777778
2012-11-12,0.100729166666667
2012-11-13,0.103805555555556
2012-11-14,0.101756944444444
2012-11-15,0.102402777777778
2012-11-16,0.102354166666667
2012-11-17,0.105326388888889
2012-11-18,0.100694444444444
2012-11-19,0.101270833333333
2012-11-20,0.101734265734266
2012-11-21,0.101734265734266
2012-11-22,0.10219014084507
2012-11-23,0.103608391608392
2012-11-24,0.100867132867133
2012-11-25,0.100951048951049
2012-11-26,0.102770833333333
2012-11-27,0.101118881118881
2012-11-28,0.10172027972028
2012-11-29,0.102280575539568
2012-11-30,0.101788732394366
2012-12-01,0.105485915492958
2012-12-02,0.101021126760563
2012-12-03,0.100643356643357
2012-12-04,0.100867132867133
2012-12-05,0.10079020979021
2012-12-06,0.100965034965035
2012-12-07,0.101265734265734
2012-12-08,0.101699300699301
2012-12-09,0.101859154929577
2012-12-10,0.101944055944056
2012-12-11,0.101569444444444
2012-12-12,0.101160839160839
2012-12-13,0.101048611111111
2012-12-14,0.101048611111111
2012-12-15,0.102895833333333
2012-12-16,0.100479166666667
2012-12-17,0.101375
2012-12-18,0.101777777777778
2012-12-19,0.101208333333333
2012-12-20,0.100673611111111
2012-12-21,0.100631944444444
2012-12-22,0.102604166666667
2012-12-23,0.100243055555556
2012-12-24,0.100326388888889
2012-12-25,0.100208333333333
2012-12-26,0.100298611111111
2012-12-27,0.100006944444444
2012-12-28,0.101416666666667
2012-12-29,0.1001875
2012-12-30,0.102347222222222
2012-12-31,0.100090277777778
2013-01-01,0.0993333333333333
2013-01-02,0.0995972222222222
2013-01-03,0.0999652777777778
2013-01-04,0.0991458333333333
2013-01-05,0.0990486111111111
2013-01-06,0.0995486111111111
2013-01-07,0.0994375
2013-01-08,0.0998541666666667
2013-01-09,0.1
2013-01-10,0.0999930555555556
2013-01-11,0.099875
2013-01-12,0.100069444444444
2013-01-13,0.100166666666667
2013-01-14,0.101111111111111
2013-01-15,0.0865555555555556
2013-01-16,0.0877569444444444
2013-01-17,0.0884305555555556
2013-01-18,0.0885555555555556
2013-01-19,0.0888472222222222
2013-01-20,0.0894166666666667
2013-01-21,0.0897361111111111
2013-01-22,0.0945555555555556
2013-01-23,0.0946388888888889
2013-01-24,0.0972847222222222
2013-01-25,0.0979930555555556
2013-01-26,0.0982013888888889
2013-01-27,0.0984444444444444
2013-01-28,0.0985763888888889
2013-01-29,0.0987638888888889
2013-01-30,0.0990208333333333
2013-01-31,0.0986041666666667
2013-02-01,0.0987569444444445
2013-02-02,0.0991875
2013-02-03,0.0997578947368421
2013-02-04,0.0999930555555556
2013-02-05,0.0986388888888889
2013-02-06,0.0991041666666667
2013-02-07,0.0971666666666667
2013-02-08,0.0987430555555556
2013-02-09,0.0978888888888889
2013-02-10,0.0982638888888889
2013-02-11,0.0986736111111111
2013-02-12,0.0985555555555556
2013-02-13,0.100166666666667
2013-02-14,0.0975902777777778
2013-02-15,0.0999097222222222
2013-02-16,0.0974166666666667
2013-02-17,0.0970277777777778
2013-02-18,0.100333333333333
2013-02-19,0.0979722222222222
2013-02-20,0.0975902777777778
2013-02-21,0.0976875
2013-02-22,0.0978402777777778
2013-02-23,0.0983819444444445
2013-02-24,0.0990486111111111
2013-02-25,0.0983125
2013-02-26,0.0985625
2013-02-27,0.0997708333333333
2013-02-28,0.0973958333333333
2013-03-01,0.0994513888888889
2013-03-02,0.0983611111111111
2013-03-03,0.0980277777777778
2013-03-04,0.0981597222222222
2013-03-05,0.0984583333333333
2013-03-06,0.0989375
2013-03-07,0.099
2013-03-08,0.0994930555555556
2013-03-09,0.0995555555555556
2013-03-10,0.0998541666666667
2013-03-11,0.0994444444444444
2013-03-12,0.0995972222222222
2013-03-13,0.100076388888889
2013-03-14,0.101680555555556
2013-03-15,0.0981736111111111
2013-03-16,0.0989375
2013-03-17,0.0989027777777778
2013-03-18,0.0995833333333333
2013-03-19,0.0989652777777778
2013-03-20,0.0979652777777778
2013-03-21,0.0980625
2013-03-22,0.0985277777777778
2013-03-23,0.0983958333333333
2013-03-24,0.0982847222222222
2013-03-25,0.102680555555556
2013-03-26,0.0979097222222222
2013-03-27,0.0980694444444444
2013-03-28,0.0966805555555556
2013-03-29,0.0970694444444444
2013-03-30,0.0982083333333333
2013-03-31,0.0978888888888889
2013-04-01,0.0978402777777778
2013-04-02,0.0993263888888889
2013-04-03,0.0992916666666667
2013-04-04,0.0960138888888889
2013-04-05,0.0967291666666667
2013-04-06,0.0989305555555556
2013-04-07,0.0989652777777778
2013-04-08,0.0965277777777778
2013-04-09,0.09725
2013-04-10,0.0980416666666667
2013-04-11,0.0988819444444444
2013-04-12,0.0975
2013-04-13,0.0969722222222222
2013-04-14,0.0976180555555556
2013-04-15,0.0979236111111111
2013-04-16,0.0981458333333333
2013-04-17,0.0985416666666667
2013-04-18,0.0981388888888889
2013-04-19,0.0983333333333333
2013-04-20,0.0992361111111111
2013-04-21,0.102326388888889
2013-04-22,0.0960069444444445
2013-04-23,0.0968125
2013-04-24,0.0987013888888889
2013-04-25,0.0959513888888889
2013-04-26,0.0980625
2013-04-27,0.0962847222222222
2013-04-28,0.0970902777777778
2013-04-29,0.0976458333333333
2013-04-30,0.0978680555555556
2013-05-01,0.097
2013-05-02,0.0969513888888889
2013-05-03,0.0973819444444445
2013-05-04,0.0981111111111111
2013-05-05,0.0971111111111111
2013-05-06,0.0984513888888889
2013-05-07,0.0969722222222222
2013-05-08,0.0979166666666667
2013-05-09,0.0986875
2013-05-10,0.0990902777777778
2013-05-11,0.100319444444444
2013-05-12,0.0962638888888889
2013-05-13,0.0953819444444444
2013-05-14,0.0962916666666667
2013-05-15,0.0964236111111111
2013-05-16,0.0971527777777778
2013-05-17,0.0964722222222222
2013-05-18,0.0976180555555556
2013-05-19,0.0981111111111111
2013-05-20,0.0964791666666667
2013-05-21,0.0948541666666667
2013-05-22,0.0956805555555556
2013-05-23,0.0966111111111111
2013-05-24,0.0973958333333333
2013-05-25,0.0968531468531469
2013-05-26,0.0974305555555556
2013-05-27,0.0978611111111111
2013-05-28,0.0981388888888889
2013-05-29,0.0976597222222222
2013-05-30,0.0980069444444445
2013-05-31,0.0967638888888889
2013-06-01,0.0955416666666667
2013-06-02,0.0950486111111111
2013-06-03,0.0977638888888889
2013-06-04,0.0976388888888889
2013-06-05,0.0973958333333333
2013-06-06,0.0974097222222222
2013-06-07,0.0995208333333333
2013-06-08,0.0989236111111111
2013-06-09,0.0987361111111111
2013-06-10,0.0988541666666667
2013-06-11,0.101270833333333
2013-06-12,0.0973100775193799
2013-06-13,0.0936527777777778
2013-06-14,0.0935694444444444
2013-06-15,0.0954236111111111
2013-06-16,0.0951666666666667
2013-06-17,0.0943194444444444
2013-06-18,0.0960138888888889
2013-06-19,0.0967986111111111
2013-06-20,0.0951319444444444
2013-06-21,0.0947986111111111
2013-06-22,0.0958125
2013-06-23,0.0959583333333333
2013-06-24,0.0957430555555556
2013-06-25,0.0953680555555556
2013-06-26,0.0987986111111111
2013-06-27,0.0939097222222222
2013-06-28,0.0941139240506329
2013-07-04,0.0967701149425287
2013-07-05,0.0971597222222222
2013-07-06,0.112868421052632
2013-07-17,0.0999411764705882
2013-07-18,0.0967430555555556
2013-07-19,0.0967847222222222
2013-07-20,0.09725
2013-07-21,0.0978263888888889
2013-07-22,0.0983333333333333
2013-07-23,0.0994097222222222
2013-07-24,0.098
2013-07-25,0.0951875
2013-07-26,0.0961805555555556
2013-07-27,0.0995486111111111
2013-07-28,0.0948888888888889
2013-07-29,0.0976458333333333
2013-07-30,0.0953125
2013-07-31,0.09475
2013-08-01,0.0957083333333333
2013-08-02,0.0938402777777778
2013-08-03,0.0947847222222222
2013-08-04,0.0942222222222222
2013-08-05,0.0950833333333333
2013-08-06,0.0955833333333333
2013-08-07,0.0947847222222222
2013-08-08,0.0959513888888889
2013-08-09,0.0966944444444444
2013-08-10,0.0974166666666667
2013-08-11,0.0984583333333333
2013-08-12,0.0959236111111111
2013-08-13,0.0970347222222222
2013-08-14,0.0970416666666667
2013-08-15,0.0972777777777778
2013-08-16,0.0977777777777778
2013-08-17,0.0979027777777778
2013-08-18,0.0981319444444445
2013-08-19,0.0982916666666667
2013-08-20,0.0988541666666667
2013-08-21,0.100361111111111
2013-08-22,0.0975069444444445
2013-08-23,0.0974375
2013-08-24,0.0961875
2013-08-25,0.0968402777777778
2013-08-26,0.0969513888888889
2013-08-27,0.0984113475177305
2013-08-28,0.0956388888888889
2013-08-29,0.0967569444444445
2013-08-30,0.0970625
2013-08-31,0.0968263888888889
2013-09-01,0.0973402777777778
2013-09-02,0.0944930555555556
2013-09-03,0.0943263888888889
2013-09-04,0.0936597222222222
2013-09-05,0.0931111111111111
2013-09-06,0.0929791666666667
2013-09-07,0.0940347222222222
2013-09-08,0.0955208333333333
2013-09-09,0.0932430555555556
2013-09-10,0.0939513888888889
2013-09-11,0.0943333333333333
2013-09-12,0.0948541666666667
2013-09-13,0.0949791666666667
2013-09-14,0.0955416666666667
2013-09-15,0.0928472222222222
2013-09-16,0.0923263888888889
2013-09-17,0.0927957746478873
2013-09-18,0.0937412587412587
2013-09-19,0.0938472222222222
2013-09-20,0.0891926605504587
2013-09-21,0.0853263888888889
2013-09-22,0.0857152777777778
2013-09-23,0.0853194444444444
2013-09-24,0.0856875
2013-09-25,0.0850486111111111
2013-09-26,0.0828402777777778
2013-09-27,0.0832777777777778
2013-09-28,0.0837361111111111
2013-09-29,0.0840277777777778
2013-09-30,0.0840486111111111
2013-10-01,0.0832986111111111
2013-10-02,0.0822152777777778
2013-10-03,0.0832222222222222
2013-10-04,0.083125
2013-10-05,0.0834791666666667
2013-10-06,0.0818680555555556
2013-10-07,0.0826875
2013-10-08,0.0828819444444445
2013-10-09,0.0832777777777778
2013-10-10,0.0837916666666667
2013-10-11,0.0835972222222222
2013-10-12,0.0840277777777778
2013-10-13,0.08425
2013-10-14,0.0841875
2013-10-15,0.0852083333333333
2013-10-16,0.0835555555555556
2013-10-17,0.0817847222222222
2013-10-18,0.0819861111111111
2013-10-19,0.0826041666666667
2013-10-20,0.0830763888888889
2013-10-21,0.0809027777777778
2013-10-22,0.0810069444444445
2013-10-23,0.0815138888888889
2013-10-24,0.0814305555555556
2013-10-25,0.0806666666666667
2013-10-26,0.0820208333333333
2013-10-27,0.0812708333333333
2013-10-28,0.0812152777777778
2013-10-29,0.0817916666666667
2013-10-30,0.0814166666666667
2013-10-31,0.0811875
2013-11-01,0.0816527777777778
2013-11-02,0.0818888888888889
2013-11-03,0.0822291666666667
2013-11-04,0.082875
2013-11-05,0.0819375
2013-11-06,0.0820833333333333
2013-11-07,0.0832222222222222
2013-11-08,0.0811527777777778
2013-11-09,0.0813888888888889
2013-11-10,0.0821388888888889
2013-11-11,0.0836458333333333
2013-11-12,0.0814861111111111
2013-11-13,0.0817361111111111
2013-11-14,0.081875
2013-11-15,0.0825486111111111
2013-11-16,0.0813611111111111
2013-11-17,0.0818680555555556
2013-11-18,0.0822013888888889
2013-11-19,0.0822569444444445
2013-11-20,0.0825694444444444
2013-11-21,0.0827638888888889
2013-11-22,0.0826805555555556
2013-11-23,0.0819791666666667
2013-11-24,0.0824722222222222
2013-11-25,0.0828611111111111
2013-11-26,0.0812986111111111
2013-11-27,0.0815416666666667
2013-11-28,0.0820277777777778
2013-11-29,0.0824444444444444
2013-11-30,0.0824861111111111
2013-12-01,0.0825555555555556
2013-12-02,0.0824583333333333
2013-12-03,0.0822777777777778
2013-12-04,0.0823888888888889
2013-12-05,0.0825416666666667
2013-12-06,0.0828402777777778
2013-12-07,0.0827708333333333
2013-12-08,0.0822847222222222
2013-12-09,0.0826180555555556
2013-12-10,0.0830069444444445
2013-12-11,0.0817777777777778
2013-12-12,0.0819791666666667
2013-12-13,0.0823680555555556
2013-12-14,0.0820486111111111
2013-12-15,0.0825902777777778
2013-12-16,0.0821875
2013-12-17,0.0824166666666667
2013-12-18,0.0832291666666667
2013-12-19,0.0815763888888889
2013-12-20,0.0806388888888889
2013-12-21,0.0807986111111111
2013-12-22,0.0807777777777778
2013-12-23,0.0809166666666667
2013-12-24,0.0810277777777778
2013-12-25,0.0807430555555556
2013-12-26,0.0816597222222222
2013-12-27,0.0821736111111111
2013-12-28,0.0808888888888889
2013-12-29,0.0803541666666667
2013-12-30,0.0806319444444445
2013-12-31,0.0809513888888889
2014-01-01,0.0812083333333333
2014-01-02,0.0815069444444445
2014-01-03,0.0813402777777778
2014-01-04,0.0818125
2014-01-05,0.0808402777777778
2014-01-06,0.0805833333333333
2014-01-07,0.0804444444444444
2014-01-08,0.0825902777777778
2014-01-09,0.0828402777777778
2014-01-10,0.0788194444444444
2014-01-11,0.0790694444444444
2014-01-12,0.0793819444444444
2014-01-13,0.0793680555555556
2014-01-14,0.0791111111111111
2014-01-15,0.0792569444444444
2014-01-16,0.0795
2014-01-17,0.0798333333333333
2014-01-18,0.0799375
2014-01-19,0.0801319444444445
2014-01-20,0.0800277777777778
2014-01-21,0.0803125
2014-01-22,0.0817222222222222
2014-01-23,0.0800347222222222
2014-01-24,0.0804375
2014-01-25,0.0813055555555556
2014-01-26,0.0814375
2014-01-27,0.0802013888888889
2014-01-28,0.0805972222222222
2014-01-29,0.0805
2014-01-30,0.0819166666666667
2014-01-31,0.0796527777777778
2014-02-01,0.0801944444444444
2014-02-02,0.0810467289719626
2014-02-03,0.0815
2014-02-04,0.0844861111111111
2014-02-05,0.0775625
2014-02-06,0.078125
2014-02-07,0.0787777777777778
2014-02-08,0.0775138888888889
2014-02-09,0.0579097222222222
2014-02-10,0.0589027777777778
2014-02-11,0.0604583333333333
2014-02-12,0.0621319444444444
2014-02-13,0.0646736111111111
2014-02-14,0.0659513888888889
2014-02-15,0.0765625
2014-02-16,0.0777986111111111
2014-02-17,0.0785833333333333
2014-02-18,0.0784861111111111
2014-02-19,0.0784027777777778
2014-02-20,0.0786805555555556
2014-02-21,0.0791180555555556
2014-02-22,0.078875
2014-02-23,0.0791388888888889
2014-02-24,0.0793055555555556
2014-02-25,0.0797986111111111
2014-02-26,0.080034965034965
2014-02-27,0.0808194444444444
2014-02-28,0.0798611111111111
2014-03-01,0.0811180555555556
2014-03-02,0.0849513888888889
2014-03-03,0.0786041666666667
2014-03-04,0.0786805555555556
2014-03-05,0.0807847222222222
2014-03-06,0.0778888888888889
2014-03-07,0.0785
2014-03-08,0.0790833333333333
2014-03-09,0.0789027777777778
2014-03-10,0.0795
2014-03-11,0.0793125
2014-03-12,0.0799027777777778
2014-03-13,0.0804097222222222
2014-03-14,0.0787361111111111
2014-03-15,0.0781527777777778
2014-03-16,0.0790138888888889
2014-03-17,0.0792361111111111
2014-03-18,0.0793958333333333
2014-03-19,0.0791111111111111
2014-03-20,0.0849513888888889
2014-03-21,0.0782083333333333
2014-03-22,0.0787013888888889
2014-03-23,0.0790694444444444
2014-03-24,0.0791666666666667
2014-03-25,0.0796363636363636
2014-03-26,0.0806041666666667
2014-03-27,0.079875
2014-03-28,0.0804097222222222
2014-03-29,0.0808611111111111
2014-03-30,0.0824305555555555
2014-03-31,0.0786527777777778
2014-04-01,0.0790625
2014-04-02,0.0792916666666667
2014-04-03,0.0806805555555556
2014-04-04,0.0823055555555556
2014-04-05,0.0779791666666667
2014-04-06,0.0798263888888889
2014-04-07,0.0782361111111111
2014-04-08,0.0791041666666667
2014-04-09,0.0789375
2014-04-10,0.0799027777777778
2014-04-11,0.0795416666666667
2014-04-12,0.0802847222222222
2014-04-13,0.0802291666666667
2014-04-14,0.0803402777777778
2014-04-15,0.0807916666666667
2014-04-16,0.0810138888888889
2014-04-17,0.0808541666666667
2014-04-18,0.0816527777777778
2014-04-19,0.0805138888888889
2014-04-20,0.0806319444444445
2014-04-21,0.0809444444444444
2014-04-22,0.0796736111111111
2014-04-23,0.0797916666666667
2014-04-24,0.0802777777777778
2014-04-25,0.0806597222222222
2014-04-26,0.0808125
2014-04-27,0.0812361111111111
2014-04-28,0.0812430555555556
2014-04-29,0.0816319444444445
2014-04-30,0.0806458333333333
2014-05-01,0.0792986111111111
2014-05-02,0.0777152777777778
2014-05-03,0.07875
2014-05-04,0.0786736111111111
2014-05-05,0.0793680555555556
2014-05-06,0.0785069444444444
2014-05-07,0.0781597222222222
2014-05-08,0.0785972222222222
2014-05-09,0.0797986111111111
2014-05-10,0.0781805555555556
2014-05-11,0.0787569444444444
2014-05-12,0.0793333333333333
2014-05-13,0.0791527777777778
2014-05-14,0.0786388888888889
2014-05-15,0.0792569444444444
2014-05-16,0.0791666666666667
2014-05-17,0.0801597222222222
2014-05-18,0.0800694444444444
2014-05-19,0.0802708333333333
2014-05-20,0.0805763888888889
2014-05-21,0.0831319444444444
2014-05-22,0.0770138888888889
2014-05-23,0.0771111111111111
2014-05-24,0.0783125
2014-05-25,0.0793472222222222
2014-05-26,0.0794583333333333
2014-05-27,0.0805069444444444
2014-05-28,0.0772847222222222
2014-05-29,0.0784027777777778
2014-05-30,0.0792638888888889
2014-05-31,0.0795138888888889
2014-06-01,0.0804305555555556
2014-06-02,0.0805486111111111
2014-06-03,0.0806388888888889
2014-06-04,0.0804236111111111
2014-06-05,0.0805972222222222
2014-06-06,0.0793611111111111
2014-06-07,0.0783680555555556
2014-06-08,0.0759375
2014-06-09,0.0752013888888889
2014-06-10,0.0758958333333333
2014-06-11,0.0768958333333333
2014-06-12,0.0756319444444444
2014-06-13,0.0769583333333333
2014-06-14,0.0772916666666667
2014-06-15,0.0772430555555556
2014-06-16,0.078875
2014-06-17,0.0789652777777778
2014-06-18,0.0786111111111111
2014-06-19,0.07975
2014-06-20,0.0796944444444444
2014-06-21,0.0793333333333333
2014-06-22,0.0789236111111111
2014-06-23,0.0777847222222222
2014-06-24,0.0821666666666667
2014-06-25,0.0790138888888889
2014-06-26,0.0760555555555556
2014-06-27,0.0766736111111111
2014-06-28,0.0756736111111111
2014-06-29,0.0775347222222222
2014-06-30,0.0751736111111111
2014-07-01,0.0780833333333333
2014-07-02,0.0765208333333333
2014-07-03,0.0777708333333333
2014-07-04,0.0780138888888889
2014-07-05,0.0751319444444444
2014-07-06,0.0763958333333333
2014-07-07,0.0774236111111111
2014-07-08,0.0764097222222222
2014-07-09,0.0784861111111111
2014-07-10,0.0759027777777778
2014-07-11,0.07675
2014-07-12,0.0775347222222222
2014-07-13,0.0780694444444444
2014-07-14,0.0788888888888889
2014-07-15,0.0782777777777778
2014-07-16,0.078375
2014-07-17,0.079020979020979
2014-07-18,0.0789166666666667
2014-07-19,0.0775069444444444
2014-07-20,0.0755277777777778
2014-07-21,0.0759166666666667
2014-07-22,0.0769930555555556
2014-07-23,0.0779513888888889
2014-07-24,0.0792777777777778
2014-07-25,0.0773819444444444
2014-07-26,0.078375
2014-07-27,0.0786944444444444
2014-07-28,0.0771527777777778
2014-07-29,0.0768263888888889
2014-07-30,0.0774722222222222
2014-07-31,0.0778888888888889
2014-08-01,0.0787986111111111
2014-08-02,0.0772430555555556
2014-08-03,0.0783055555555556
2014-08-04,0.0786180555555556
2014-08-05,0.0790208333333333
2014-08-06,0.0796041666666667
2014-08-07,0.0800416666666667
2014-08-08,0.0802291666666667
2014-08-09,0.0797222222222222
2014-08-10,0.0760486111111111
2014-08-11,0.0769027777777778
2014-08-12,0.0791388888888889
2014-08-13,0.0764861111111111
2014-08-14,0.0779027777777778
2014-08-15,0.0773125
2014-08-16,0.0777847222222222
2014-08-17,0.0766180555555556
2014-08-18,0.0771875
2014-08-19,0.0779583333333333
2014-08-20,0.0789236111111111
2014-08-21,0.0795069444444444
2014-08-22,0.0795902777777778
2014-08-23,0.0795694444444444
2014-08-24,0.0803958333333333
2014-08-25,0.0810694444444444
2014-08-26,0.0814444444444444
2014-08-27,0.0767847222222222
2014-08-28,0.0773055555555556
2014-08-29,0.0761041666666667
2014-08-30,0.0769583333333333
2014-08-31,0.0757569444444444
2014-09-01,0.0774444444444444
2014-09-02,0.0753125
2014-09-03,0.0757569444444444
2014-09-04,0.0763263888888889
2014-09-05,0.0772222222222222
2014-09-06,0.0782222222222222
2014-09-07,0.0780833333333333
2014-09-08,0.0756041666666667
2014-09-09,0.0759791666666667
2014-09-10,0.0764236111111111
2014-09-11,0.0772569444444444
2014-09-12,0.0774722222222222
2014-09-13,0.0763819444444444
2014-09-14,0.0761319444444444
2014-09-15,0.0762916666666667
2014-09-16,0.0770694444444444
2014-09-17,0.0761597222222222
2014-09-18,0.0763194444444444
2014-09-19,0.0760366972477064
2014-09-20,0.0752916666666667
2014-09-21,0.0756597222222222
2014-09-22,0.0758888888888889
2014-09-23,0.0762152777777778
2014-09-24,0.0771180555555556
2014-09-25,0.0766736111111111
2014-09-26,0.0754027777777778
2014-09-27,0.0755138888888889
2014-09-28,0.0762222222222222
2014-09-29,0.0766736111111111
2014-09-30,0.077125
2014-10-01,0.0772083333333333
2014-10-02,0.0776666666666667
2014-10-03,0.0758958333333333
2014-10-04,0.0766319444444444
2014-10-05,0.0783819444444444
2014-10-06,0.0788055555555556
2014-10-07,0.0731597222222222
2014-10-08,0.0735416666666667
2014-10-09,0.07375
2014-10-10,0.0742222222222222
2014-10-11,0.0743125
2014-10-12,0.0743541666666667
2014-10-13,0.0758194444444444
2014-10-14,0.0739513888888889
2014-10-15,0.0737708333333333
2014-10-16,0.0732986111111111
2014-10-17,0.0736875
2014-10-18,0.0739027777777778
2014-10-19,0.0740416666666667
2014-10-20,0.0747291666666667
2014-10-21,0.0741944444444444
2014-10-22,0.0787569444444444
2014-10-23,0.0749513888888889
2014-10-24,0.0727430555555555
2014-10-25,0.0732916666666667
2014-10-26,0.0734722222222222
2014-10-27,0.0736736111111111
2014-10-28,0.0735416666666667
2014-10-29,0.0736736111111111
2014-10-30,0.0736597222222222
2014-10-31,0.0739027777777778
2014-11-01,0.075
2014-11-02,0.0731319444444444
2014-11-03,0.0739236111111111
2014-11-04,0.0737013888888889
2014-11-05,0.0737083333333333
2014-11-06,0.0737986111111111
2014-11-07,0.0734097222222222
2014-11-08,0.0737569444444444
2014-11-09,0.0739583333333333
2014-11-10,0.0732916666666667
2014-11-11,0.0739930555555555
2014-11-12,0.0750069444444444
2014-11-13,0.0732430555555555
2014-11-14,0.0731458333333333
2014-11-15,0.0736527777777778
2014-11-16,0.0734652777777778
2014-11-17,0.0737430555555555
2014-11-18,0.0738055555555556
2014-11-19,0.0736597222222222
2014-11-20,0.0740416666666667
2014-11-21,0.0737430555555555
2014-11-22,0.0735416666666667
2014-11-23,0.0740555555555556
2014-11-24,0.0740763888888889
2014-11-25,0.0788958333333333
2014-11-26,0.0819097222222222
2014-11-27,0.0718333333333333
2014-11-28,0.0725625
2014-11-29,0.0738194444444444
2014-11-30,0.0722430555555555
2014-12-01,0.0760833333333333
2014-12-02,0.0725972222222222
2014-12-03,0.0726666666666667
2014-12-04,0.0754930555555555
2014-12-05,0.0729305555555556
2014-12-06,0.0731805555555556
2014-12-07,0.0729861111111111
2014-12-08,0.073125
2014-12-09,0.0732013888888889
2014-12-10,0.0729166666666667
2014-12-11,0.0736319444444444
2014-12-12,0.0745833333333333
2014-12-13,0.0730138888888889
2014-12-14,0.0732152777777778
2014-12-15,0.0729166666666667
2014-12-16,0.0752916666666667
2014-12-17,0.0723333333333333
2014-12-18,0.0727777777777778
2014-12-19,0.0723819444444444
2014-12-20,0.0744097222222222
2014-12-21,0.0723333333333333
2014-12-22,0.0725416666666667
2014-12-23,0.0723888888888889
2014-12-24,0.0727972027972028
2014-12-25,0.0728263888888889
2014-12-26,0.0728055555555556
2014-12-27,0.0724027777777778
2014-12-28,0.0723819444444444
2014-12-29,0.0758055555555556
2014-12-30,0.0723680555555555
2014-12-31,0.0725277777777778
2015-01-01,0.0730416666666667
2015-01-02,0.0723541666666667
2015-01-03,0.0720763888888889
2015-01-04,0.0721458333333333
2015-01-05,0.0723333333333333
2015-01-06,0.0734583333333333
2015-01-07,0.0721944444444444
2015-01-08,0.0722430555555555
2015-01-09,0.0719583333333333
2015-01-10,0.0720694444444444
2015-01-11,0.0725972222222222
2015-01-12,0.0714236111111111
2015-01-13,0.0711875
2015-01-14,0.0711944444444444
2015-01-15,0.0729722222222222
2015-01-16,0.0709930555555556
2015-01-17,0.0714236111111111
2015-01-18,0.0710833333333333
2015-01-19,0.0715208333333333
2015-01-20,0.0717569444444444
2015-01-21,0.0725694444444444
2015-01-22,0.0732430555555555
2015-01-23,0.0736597222222222
2015-01-24,0.0710902777777778
2015-01-25,0.0713402777777778
2015-01-26,0.0716666666666667
2015-01-27,0.0780972222222222
2015-01-28,0.0812777777777778
2015-01-29,0.0710625
2015-01-30,0.0748888888888889
2015-01-31,0.0712291666666667
2015-02-01,0.0710095238095238
2015-02-02,0.0709791666666667
2015-02-03,0.0707708333333333
2015-02-04,0.0708888888888889
2015-02-05,0.072125
2015-02-06,0.0699375
2015-02-07,0.0708263888888889
2015-02-08,0.072625
2015-02-09,0.0714513888888889
2015-02-10,0.0710694444444444
2015-02-11,0.0710069444444444
2015-02-12,0.0714513888888889
2015-02-13,0.0720833333333333
2015-02-14,0.0716805555555556
2015-02-15,0.0719722222222222
2015-02-16,0.0716875
2015-02-17,0.0719444444444444
2015-02-18,0.0728472222222222
2015-02-19,0.0705
2015-02-20,0.0708333333333333
2015-02-21,0.0708541666666667
2015-02-22,0.0714930555555555
2015-02-23,0.075625
2015-02-24,0.0707847222222222
2015-02-25,0.0713611111111111
2015-02-26,0.0779236111111111
2015-02-27,0.0711666666666667
2015-02-28,0.0713888888888889
2015-03-01,0.0757847222222222
2015-03-02,0.071
2015-03-03,0.0712916666666667
2015-03-04,0.0732777777777778
2015-03-05,0.0714027777777778
2015-03-06,0.0712777777777778
2015-03-07,0.07225
2015-03-08,0.0726180555555556
2015-03-09,0.0743055555555556
2015-03-10,0.0727916666666667
2015-03-11,0.0712777777777778
2015-03-12,0.0715208333333333
2015-03-13,0.0714930555555555
2015-03-14,0.0717638888888889
2015-03-15,0.0717361111111111
2015-03-16,0.0717986111111111
2015-03-17,0.071625
2015-03-18,0.0720277777777778
2015-03-19,0.0747569444444444
2015-03-20,0.0703958333333333
2015-03-21,0.0712152777777778
2015-03-22,0.0716805555555556
2015-03-23,0.0726180555555555
2015-03-24,0.0714027777777778
2015-03-25,0.0716736111111111
2015-03-26,0.0718392857142857
2015-03-27,0.0725763888888889
2015-03-28,0.0727708333333333
2015-03-29,0.0727916666666667
2015-03-30,0.0727152777777778
2015-03-31,0.0726805555555556
2015-04-01,0.0744375
2015-04-02,0.0719097222222222
2015-04-03,0.0722916666666667
2015-04-04,0.0721736111111111
2015-04-05,0.0735902777777778
2015-04-06,0.0722847222222222
2015-04-07,0.0744444444444444
2015-04-08,0.074875
2015-04-09,0.0707777777777778
2015-04-10,0.0727083333333333
2015-04-11,0.0724513888888889
2015-04-12,0.0704305555555556
2015-04-13,0.0711319444444444
2015-04-14,0.0711458333333333
2015-04-15,0.0722847222222222
2015-04-16,0.0708263888888889
2015-04-17,0.0738333333333333
2015-04-18,0.0707361111111111
2015-04-19,0.0715416666666667
2015-04-20,0.0712361111111111
2015-04-21,0.0704027777777778
2015-04-22,0.0709861111111111
2015-04-23,0.0710138888888889
2015-04-24,0.0714930555555555
2015-04-25,0.0717361111111111
2015-04-26,0.0720902777777778
2015-04-27,0.0725277777777778
2015-04-28,0.0729930555555555
2015-04-29,0.0725416666666667
2015-04-30,0.0728194444444444
2015-05-01,0.0731041666666667
2015-05-02,0.0732152777777778
2015-05-03,0.0735555555555556
2015-05-04,0.0738194444444444
2015-05-05,0.0735694444444444
2015-05-06,0.0739097222222222
2015-05-07,0.0741527777777778
2015-05-08,0.0741388888888889
2015-05-09,0.0740902777777778
2015-05-10,0.0747222222222222
2015-05-11,0.0743680555555555
2015-05-12,0.0747847222222222
2015-05-13,0.0723472222222222
2015-05-14,0.072625
2015-05-15,0.0729930555555555
2015-05-16,0.0735763888888889
2015-05-17,0.0728333333333333
2015-05-18,0.0739513888888889
2015-05-19,0.0770972222222222
2015-05-20,0.0709652777777778
2015-05-21,0.0756875
2015-05-22,0.0711527777777778
2015-05-23,0.0718263888888889
2015-05-24,0.0717083333333333
2015-05-25,0.0718958333333333
2015-05-26,0.0722916666666667
2015-05-27,0.07275
2015-05-28,0.0727083333333333
2015-05-29,0.0724513888888889
2015-05-30,0.0713819444444444
2015-05-31,0.0725069444444444
2015-06-01,0.0728958333333333
2015-06-02,0.0733611111111111
2015-06-03,0.075375
2015-06-04,0.0716805555555556
2015-06-05,0.0735555555555556
2015-06-06,0.0719305555555556
2015-06-07,0.0703958333333333
2015-06-08,0.0708263888888889
2015-06-09,0.0724652777777778
2015-06-10,0.0706944444444444
2015-06-11,0.0710902777777778
2015-06-12,0.0721736111111111
2015-06-13,0.0710069444444444
2015-06-14,0.0717083333333333
2015-06-15,0.0722222222222222
2015-06-16,0.0719097222222222
2015-06-17,0.0717777777777778
2015-06-18,0.0708472222222222
2015-06-19,0.070625
2015-06-20,0.0697638888888889
2015-06-21,0.0706319444444444
2015-06-22,0.0702638888888889
2015-06-23,0.0728680555555556
2015-06-24,0.069625
2015-06-25,0.0700347222222222
2015-06-26,0.0711597222222222
2015-06-27,0.0702430555555556
2015-06-28,0.0695416666666667
2015-06-29,0.0696111111111111
2015-06-30,0.070125
2015-07-01,0.0754027777777778
2015-07-02,0.0692986111111111
2015-07-03,0.0738541666666667
2015-07-04,0.0699444444444444
2015-07-05,0.0698819444444444
2015-07-06,0.0717847222222222
2015-07-07,0.0683472222222222
2015-07-08,0.0696527777777778
2015-07-09,0.0682569444444445
2015-07-10,0.0692777777777778
2015-07-11,0.0699097222222222
2015-07-12,0.0703819444444444
2015-07-13,0.0705763888888889
2015-07-14,0.0708958333333333
2015-07-15,0.0714583333333333
2015-07-16,0.0699583333333333
2015-07-17,0.0689722222222222
2015-07-18,0.0698194444444444
2015-07-19,0.0706736111111111
2015-07-20,0.0697291666666667
2015-07-21,0.0699930555555556
2015-07-22,0.0703194444444444
2015-07-23,0.0710763888888889
2015-07-24,0.0748125
2015-07-25,0.0694236111111111
2015-07-26,0.0701944444444444
2015-07-27,0.0703611111111111
2015-07-28,0.0705763888888889
2015-07-29,0.0711111111111111
2015-07-30,0.0712847222222222
2015-07-31,0.0718888888888889
2015-08-01,0.0723194444444444
2015-08-02,0.0730972222222222
2015-08-03,0.0725694444444444
2015-08-04,0.0727430555555555
2015-08-05,0.0726597222222222
2015-08-06,0.0731041666666667
2015-08-07,0.0738888888888889
2015-08-08,0.0735416666666667
2015-08-09,0.0737083333333333
2015-08-10,0.0736527777777778
2015-08-11,0.0737638888888889
2015-08-12,0.0746319444444444
2015-08-13,0.0722777777777778
2015-08-14,0.0738125
2015-08-15,0.0720138888888889
2015-08-16,0.072
2015-08-17,0.0710902777777778
2015-08-18,0.0699861111111111
2015-08-19,0.0707986111111111
2015-08-20,0.0711597222222222
2015-08-21,0.0709375
2015-08-22,0.0712916666666667
2015-08-23,0.0715
2015-08-24,0.0715555555555556
2015-08-25,0.0717708333333333
2015-08-26,0.0713958333333333
2015-08-27,0.0696458333333333
2015-08-28,0.0703263888888889
2015-08-29,0.0695347222222222
2015-08-30,0.0695694444444444
2015-08-31,0.0694375
2015-09-01,0.0699097222222222
2015-09-02,0.0702013888888889
2015-09-03,0.0706597222222222
2015-09-04,0.0709583333333333
2015-09-05,0.0715833333333333
2015-09-06,0.0742847222222222
2015-09-07,0.071375
2015-09-08,0.0698680555555556
2015-09-09,0.0678194444444444
2015-09-10,0.0683888888888889
2015-09-11,0.0687152777777778
2015-09-12,0.0691527777777778
2015-09-13,0.0696041666666667
2015-09-14,0.0693469387755102
2015-09-15,0.0694513888888889
2015-09-16,0.0694375
2015-09-17,0.0707708333333333
2015-09-18,0.0685625
2015-09-19,0.0677916666666667
2015-09-20,0.0682638888888889
2015-09-21,0.0686111111111111
2015-09-22,0.0691388888888889
2015-09-23,0.0692361111111111
2015-09-24,0.0697638888888889
2015-09-25,0.0706041666666667
2015-09-26,0.0677152777777778
2015-09-27,0.0681111111111111
2015-09-28,0.0679375
2015-09-29,0.0687152777777778
2015-09-30,0.0685902777777778
2015-10-01,0.0702361111111111
2015-10-02,0.0697152777777778
2015-10-03,0.0683402777777778
2015-10-04,0.0685972222222222
2015-10-05,0.0683611111111111
2015-10-06,0.0685277777777778
2015-10-07,0.0685555555555556
2015-10-08,0.0689236111111111
2015-10-09,0.0692708333333333
2015-10-10,0.0697152777777778
2015-10-11,0.0697708333333333
2015-10-12,0.0681111111111111
2015-10-13,0.0687986111111111
2015-10-14,0.0686944444444444
2015-10-15,0.0688194444444444
2015-10-16,0.0692916666666667
2015-10-17,0.0679513888888889
2015-10-18,0.0678055555555556
2015-10-19,0.0682916666666667
2015-10-20,0.0685138888888889
2015-10-21,0.0686041666666667
2015-10-22,0.0688263888888889
2015-10-23,0.0689236111111111
2015-10-24,0.0692291666666667
2015-10-25,0.0690694444444444
2015-10-26,0.0688541666666667
2015-10-27,0.0692986111111111
2015-10-28,0.0694930555555556
2015-10-29,0.0700699300699301
2015-10-30,0.0695625
2015-10-31,0.0692152777777778
2015-11-01,0.0692708333333333
2015-11-02,0.0729236111111111
2015-11-03,0.0697361111111111
2015-11-04,0.0666666666666667
2015-11-05,0.0670625
2015-11-06,0.0672152777777778
2015-11-07,0.0673611111111111
2015-11-08,0.0697916666666667
2015-11-09,0.0667430555555556
2015-11-10,0.0691666666666667
2015-11-11,0.0663125
2015-11-12,0.0665416666666667
2015-11-13,0.067048951048951
2015-11-14,0.0674166666666667
2015-11-15,0.0665972222222222
2015-11-16,0.0659930555555556
2015-11-17,0.0668819444444445
2015-11-18,0.0712291666666667
2015-11-19,0.0680625
2015-11-20,0.0670347222222222
2015-11-21,0.0668263888888889
2015-11-22,0.0671875
2015-11-23,0.0684236111111111
2015-11-24,0.0669652777777778
2015-11-25,0.0685902777777778
2015-11-26,0.0713263888888889
2015-11-27,0.0666666666666667
2015-11-28,0.0668541666666667
2015-11-29,0.0671805555555556
2015-11-30,0.0673194444444444
2015-12-01,0.06725
2015-12-02,0.0676527777777778
2015-12-03,0.0682638888888889
2015-12-04,0.0675486111111111
2015-12-05,0.0672222222222222
2015-12-06,0.0670486111111111
2015-12-07,0.0670625
2015-12-08,0.0671875
2015-12-09,0.0672361111111111
2015-12-10,0.0676666666666667
2015-12-11,0.0676041666666667
2015-12-12,0.0659930555555556
2015-12-13,0.0667638888888889
2015-12-14,0.066625
2015-12-15,0.0666041666666667
2015-12-16,0.0671041666666667
2015-12-17,0.0675763888888889
2015-12-18,0.0675763888888889
2015-12-19,0.0670555555555556
2015-12-20,0.0668472222222222
2015-12-21,0.0671597222222222
2015-12-22,0.0669930555555556
2015-12-23,0.0682361111111111
2015-12-24,0.0672430555555556
2015-12-25,0.0667986111111111
2015-12-26,0.0671736111111111
2015-12-27,0.0670416666666667
2015-12-28,0.0665972222222222
2015-12-29,0.0666527777777778
2015-12-30,0.0665
2015-12-31,0.0665902777777778
2016-01-01,0.0669513888888889
2016-01-02,0.067375
2016-01-03,0.0678541666666667
2016-01-04,0.0673333333333333
2016-01-05,0.0670694444444444
2016-01-06,0.0672222222222222
2016-01-07,0.0674791666666667
2016-01-08,0.0674652777777778
2016-01-09,0.0674722222222222
2016-01-10,0.0674305555555556
2016-01-11,0.0673333333333333
2016-01-12,0.0673888888888889
2016-01-13,0.0675069444444445
2016-01-14,0.0672916666666667
2016-01-15,0.0673472222222222
2016-01-16,0.0675972222222222
2016-01-17,0.0676388888888889
2016-01-18,0.0760902777777778
2016-01-19,0.0662708333333333
2016-01-20,0.0658680555555556
2016-01-21,0.0655694444444444
2016-01-22,0.0659375
2016-01-23,0.0672291666666667
2016-01-24,0.0660902777777778
2016-01-25,0.0655
2016-01-26,0.0656527777777778
2016-01-27,0.0657916666666667
2016-01-28,0.0654027777777778
2016-01-29,0.07025
2016-01-30,0.0644513888888889
2016-01-31,0.0650467289719626
2016-02-01,0.0652986111111111
2016-02-02,0.0656458333333333
2016-02-03,0.0654305555555556
2016-02-04,0.0654166666666667
2016-02-05,0.0657222222222222
2016-02-06,0.0663263888888889
2016-02-07,0.0661875
2016-02-08,0.0659305555555556
2016-02-09,0.0663541666666667
2016-02-10,0.0662361111111111
2016-02-11,0.0660486111111111
2016-02-12,0.0659861111111111
2016-02-13,0.0661805555555556
2016-02-14,0.0665555555555556
2016-02-15,0.0694375
2016-02-16,0.0658055555555556
2016-02-17,0.066375
2016-02-18,0.0658888888888889
2016-02-19,0.066125
2016-02-20,0.0680763888888889
2016-02-21,0.0651527777777778
2016-02-22,0.0657361111111111
2016-02-23,0.0652638888888889
2016-02-24,0.0655625
2016-02-25,0.0654513888888889
2016-02-26,0.0657430555555556
2016-02-27,0.0658055555555556
2016-02-28,0.0660208333333333
2016-02-29,0.0665138888888889
2016-03-01,0.0656041666666667
2016-03-02,0.0661111111111111
2016-03-03,0.0663125
2016-03-04,0.0663541666666667
2016-03-05,0.0661458333333333
2016-03-06,0.0660902777777778
2016-03-07,0.0675555555555556
2016-03-08,0.0649166666666667
2016-03-09,0.0708194444444444
2016-03-10,0.0649305555555556
2016-03-11,0.0652013888888889
2016-03-12,0.0652430555555556
2016-03-13,0.0654861111111111
2016-03-14,0.0703263888888889
2016-03-15,0.0649097222222222
2016-03-16,0.0648819444444445
2016-03-17,0.0653958333333333
2016-03-18,0.0653958333333333
2016-03-19,0.0662152777777778
2016-03-20,0.0655
2016-03-21,0.0653680555555556
2016-03-22,0.0655833333333333
2016-03-23,0.0657708333333333
2016-03-24,0.0666442307692308
2016-03-25,0.0672291666666667
2016-03-26,0.0673402777777778
2016-03-27,0.0674513888888889
2016-03-28,0.0674444444444444
2016-03-29,0.0677847222222222
2016-03-30,0.0681319444444445
2016-03-31,0.0681736111111111
2016-04-01,0.0684236111111111
2016-04-02,0.0678472222222222
2016-04-03,0.0680486111111111
2016-04-04,0.0680416666666667
2016-04-05,0.0668402777777778
2016-04-06,0.0676319444444445
2016-04-07,0.0702708333333333
2016-04-08,0.0661875
2016-04-09,0.0668611111111111
2016-04-10,0.0672083333333333
2016-04-11,0.0671805555555556
2016-04-12,0.0671041666666667
2016-04-13,0.067875
2016-04-14,0.0691458333333333
2016-04-15,0.0665625
2016-04-16,0.0667777777777778
2016-04-17,0.0668958333333333
2016-04-18,0.0678194444444444
2016-04-19,0.0688333333333333
2016-04-20,0.0659930555555556
2016-04-21,0.0689791666666667
2016-04-22,0.0663263888888889
2016-04-23,0.0660833333333333
2016-04-24,0.0675208333333333
2016-04-25,0.0666458333333333
2016-04-26,0.0668888888888889
2016-04-27,0.0668402777777778
2016-04-28,0.0699375
2016-04-29,0.0661527777777778
2016-04-30,0.0661805555555556
2016-05-01,0.06675
2016-05-02,0.0664375
2016-05-03,0.0671041666666667
2016-05-04,0.0677986111111111
2016-05-05,0.0671180555555556
2016-05-06,0.0673611111111111
2016-05-07,0.0670277777777778
2016-05-08,0.0677638888888889
2016-05-09,0.0689861111111111
2016-05-10,0.0697013888888889
2016-05-11,0.0668472222222222
2016-05-12,0.0656111111111111
2016-05-13,0.0659791666666667
2016-05-14,0.0665138888888889
2016-05-15,0.0665416666666667
2016-05-16,0.0669861111111111
2016-05-17,0.069125
2016-05-18,0.0654930555555556
2016-05-19,0.0661805555555556
2016-05-20,0.0659375
2016-05-21,0.0666458333333333
2016-05-22,0.0666319444444445
2016-05-23,0.0672916666666667
2016-05-24,0.0679027777777778
2016-05-25,0.0675
2016-05-26,0.0676527777777778
2016-05-27,0.0679722222222222
2016-05-28,0.0658333333333333
2016-05-29,0.0669722222222222
2016-05-30,0.0682152777777778
2016-05-31,0.06625
2016-06-01,0.0667013888888889
2016-06-02,0.0670763888888889
2016-06-03,0.0670833333333333
2016-06-04,0.0678958333333333
2016-06-05,0.0680208333333333
2016-06-06,0.0679166666666667
2016-06-07,0.0679930555555556
2016-06-08,0.0684583333333333
2016-06-09,0.0679166666666667
2016-06-10,0.0675833333333333
2016-06-11,0.0682638888888889
2016-06-12,0.0683958333333333
2016-06-13,0.0698125
2016-06-14,0.0653194444444444
2016-06-15,0.0660972222222222
2016-06-16,0.0658819444444445
2016-06-17,0.0660625
2016-06-18,0.0666805555555556
2016-06-19,0.0673263888888889
2016-06-20,0.0675138888888889
2016-06-21,0.0674513888888889
2016-06-22,0.0666736111111111
2016-06-23,0.068875
2016-06-24,0.0664930555555556
2016-06-25,0.0674236111111111
2016-06-26,0.0667708333333333
2016-06-27,0.066125
2016-06-28,0.0689166666666667
2016-06-29,0.0647361111111111
2016-06-30,0.0651111111111111
2016-07-01,0.0658472222222222
2016-07-02,0.0664444444444444
2016-07-03,0.0669583333333333
2016-07-04,0.0675
2016-07-05,0.0650902777777778
2016-07-06,0.0657777777777778
2016-07-07,0.0665138888888889
2016-07-08,0.0664930555555556
2016-07-09,0.0658194444444444
2016-07-10,0.0657361111111111
2016-07-11,0.0667222222222222
2016-07-12,0.0670138888888889
2016-07-13,0.0674097222222222
2016-07-14,0.0739583333333333
2016-07-15,0.0648472222222222
2016-07-16,0.0650277777777778
2016-07-17,0.0659166666666667
2016-07-18,0.0667222222222222
2016-07-19,0.0669236111111111
2016-07-20,0.0675347222222222
2016-07-21,0.0656319444444445
2016-07-22,0.0652708333333333
2016-07-23,0.0659097222222222
2016-07-24,0.0663541666666667
2016-07-25,0.0667083333333333
2016-07-26,0.0671944444444444
2016-07-27,0.0670277777777778
2016-07-28,0.0669791666666667
2016-07-29,0.0672361111111111
2016-07-30,0.0675625
2016-07-31,0.0677986111111111
2016-08-01,0.0664652777777778
2016-08-02,0.0671944444444444
2016-08-03,0.0676319444444445
2016-08-04,0.0679861111111111
2016-08-05,0.0683541666666667
2016-08-06,0.0685763888888889
2016-08-07,0.0686527777777778
2016-08-08,0.069
2016-08-09,0.0698333333333333
2016-08-10,0.0701111111111111
2016-08-11,0.0701527777777778
2016-08-12,0.0700138888888889
2016-08-13,0.0699652777777778
2016-08-14,0.0698402777777778
2016-08-15,0.0700902777777778
2016-08-16,0.0696180555555556
2016-08-17,0.0659166666666667
2016-08-18,0.0699236111111111
2016-08-19,0.0646388888888889
2016-08-20,0.0643680555555556
2016-08-21,0.0652083333333333
2016-08-22,0.0662430555555556
2016-08-23,0.068625
2016-08-24,0.0644444444444444
2016-08-25,0.0647291666666667
2016-08-26,0.0653680555555556
2016-08-27,0.0659097222222222
2016-08-28,0.0657708333333333
2016-08-29,0.06475
2016-08-30,0.065875
2016-08-31,0.0651944444444444
2016-09-01,0.0655625
2016-09-02,0.065875
2016-09-03,0.0658958333333333
2016-09-04,0.0653194444444444
2016-09-05,0.0649375
2016-09-06,0.0647569444444445
2016-09-07,0.0663055555555556
2016-09-08,0.0647708333333333
2016-09-09,0.0649375
2016-09-10,0.0650208333333333
2016-09-11,0.0650972222222222
2016-09-12,0.0652777777777778
2016-09-13,0.0657986111111111
2016-09-14,0.0642291666666667
2016-09-15,0.0648541666666667
2016-09-16,0.0646319444444445
2016-09-17,0.0650902777777778
2016-09-18,0.065375
2016-09-19,0.0662152777777778
2016-09-20,0.0694166666666667
2016-09-21,0.0634027777777778
2016-09-22,0.0657638888888889
2016-09-23,0.0636666666666667
2016-09-24,0.0637986111111111
2016-09-25,0.0636111111111111
2016-09-26,0.0643680555555556
2016-09-27,0.0645972222222222
2016-09-28,0.0648680555555556
2016-09-29,0.0653819444444445
2016-09-30,0.0639722222222222
2016-10-01,0.065625
2016-10-02,0.0639652777777778
2016-10-03,0.0636805555555556
2016-10-04,0.0639305555555556
2016-10-05,0.0645416666666667
2016-10-06,0.0645694444444444
2016-10-07,0.0646458333333333
2016-10-08,0.0657152777777778
2016-10-09,0.0638055555555556
2016-10-10,0.063625
2016-10-11,0.0636527777777778
2016-10-12,0.0642074074074074
2016-10-13,0.0639791666666667
2016-10-14,0.0639027777777778
2016-10-15,0.0641180555555556
2016-10-16,0.0643055555555556
2016-10-17,0.0656597222222222
2016-10-18,0.0632708333333333
2016-10-19,0.0638125
2016-10-20,0.0639652777777778
2016-10-21,0.06375
2016-10-22,0.0641319444444444
2016-10-23,0.0641458333333333
2016-10-24,0.0637986111111111
2016-10-25,0.0648194444444444
2016-10-26,0.0642638888888889
2016-10-27,0.0645069444444445
2016-10-28,0.0737083333333333
2016-10-29,0.0635416666666667
2016-10-30,0.0630347222222222
2016-10-31,0.0635208333333333
2016-11-01,0.0652083333333333
2016-11-02,0.0635486111111111
2016-11-03,0.0633472222222222
2016-11-04,0.0637291666666667
2016-11-05,0.0641736111111111
2016-11-06,0.0637013888888889
2016-11-07,0.0630208333333333
2016-11-08,0.0646319444444445
2016-11-09,0.0660196078431373
2016-11-10,0.0644583333333333
2016-11-11,0.0670902777777778
2016-11-12,0.0635833333333333
2016-11-13,0.0642083333333333
2016-11-14,0.0654791666666667
2016-11-15,0.0644583333333333
2016-11-16,0.064125
2016-11-17,0.0644583333333333
2016-11-18,0.0643680555555556
2016-11-19,0.0672638888888889
2016-11-20,0.0639722222222222
2016-11-21,0.0645902777777778
2016-11-22,0.0639583333333333
2016-11-23,0.0641805555555556
2016-11-24,0.0689791666666667
2016-11-25,0.0633472222222222
2016-11-26,0.0638333333333333
2016-11-27,0.0675486111111111
2016-11-28,0.0653194444444444
2016-11-29,0.0639861111111111
2016-11-30,0.0638680555555556
2016-12-01,0.0663263888888889
2016-12-02,0.063375
2016-12-03,0.0636527777777778
2016-12-04,0.0641041666666667
2016-12-05,0.0646388888888889
2016-12-06,0.063875
2016-12-07,0.0639513888888889
2016-12-08,0.0638958333333333
2016-12-09,0.0641319444444444
2016-12-10,0.0642569444444444
2016-12-11,0.0641458333333333
2016-12-12,0.0639166666666667
2016-12-13,0.0655625
2016-12-14,0.0677013888888889
2016-12-15,0.0630902777777778
2016-12-16,0.0635625
2016-12-17,0.0633888888888889
2016-12-18,0.0639027777777778
2016-12-19,0.0638333333333333
2016-12-20,0.0639930555555556
2016-12-21,0.0638611111111111
2016-12-22,0.0640555555555556
2016-12-23,0.0640486111111111
2016-12-24,0.0630069444444444
2016-12-25,0.0634027777777778
2016-12-26,0.0639583333333333
2016-12-27,0.0708541666666667
2016-12-28,0.0636458333333333
2016-12-29,0.0637361111111111
2016-12-30,0.0638819444444444
2016-12-31,0.0635694444444444
2017-01-01,0.0637430555555556
2017-01-02,0.0640763888888889
2017-01-03,0.0642847222222222
2017-01-04,0.0641666666666667
2017-01-05,0.0640486111111111
2017-01-06,0.0635347222222222
2017-01-07,0.0637291666666667
2017-01-08,0.0665625
2017-01-09,0.0652569444444445
2017-01-10,0.0631527777777778
2017-01-11,0.0633194444444444
2017-01-12,0.0632013888888889
2017-01-13,0.0634444444444444
2017-01-14,0.0637569444444444
2017-01-15,0.0632569444444444
2017-01-16,0.0628125
2017-01-17,0.0624444444444444
2017-01-18,0.0625555555555556
2017-01-19,0.0631527777777778
2017-01-20,0.0641736111111111
2017-01-21,0.062875
2017-01-22,0.0634
2017-01-23,0.0636388888888889
2017-01-24,0.0629166666666667
2017-01-25,0.0628958333333333
2017-01-26,0.0628541666666667
2017-01-27,0.0630625
2017-01-28,0.0638472222222222
2017-01-29,0.0634583333333333
2017-01-30,0.0638611111111111
2017-01-31,0.0632569444444444
2017-02-01,0.0635347222222222
2017-02-02,0.0635555555555556
2017-02-03,0.0633819444444444
2017-02-04,0.0635
2017-02-05,0.0651319444444445
2017-02-06,0.063875
2017-02-07,0.0636180555555556
2017-02-08,0.0632638888888889
2017-02-09,0.0641944444444444
2017-02-10,0.0614930555555556
2017-02-11,0.0623819444444444
2017-02-12,0.0625763888888889
2017-02-13,0.0625069444444444
2017-02-14,0.0625416666666667
2017-02-15,0.0626527777777778
2017-02-16,0.0626666666666667
2017-02-17,0.0635763888888889
2017-02-18,0.063625
2017-02-19,0.064
2017-02-20,0.0659236111111111
2017-02-21,0.0627013888888889
2017-02-22,0.0624652777777778
2017-02-23,0.0650902777777778
2017-02-24,0.0626597222222222
2017-02-25,0.0626736111111111
2017-02-26,0.0630416666666667
2017-02-27,0.0628611111111111
2017-02-28,0.0627777777777778
2017-03-01,0.063
2017-03-02,0.0650555555555556
2017-03-03,0.0625208333333333
2017-03-04,0.0626944444444444
2017-03-05,0.0628958333333333
2017-03-06,0.0633263888888889
2017-03-07,0.0637708333333333
2017-03-08,0.0632986111111111
2017-03-09,0.0636223776223776
2017-03-10,0.0635944055944056
2017-03-11,0.06325
2017-03-12,0.0631597222222222
2017-03-13,0.0631875
2017-03-14,0.0635555555555556
2017-03-15,0.0635416666666667
2017-03-16,0.0622708333333333
2017-03-17,0.0625625
2017-03-18,0.0629861111111111
2017-03-19,0.0632847222222222
2017-03-20,0.0631666666666667
2017-03-21,0.0663958333333333
2017-03-22,0.0619722222222222
2017-03-23,0.0626509433962264
2017-03-24,0.0629375
2017-03-25,0.0629444444444444
2017-03-26,0.0635972222222222
2017-03-27,0.0652777777777778
2017-03-28,0.0622361111111111
2017-03-29,0.0621527777777778
2017-03-30,0.0627777777777778
2017-03-31,0.0634097222222222
2017-04-01,0.0631527777777778
2017-04-02,0.0624513888888889
2017-04-03,0.0649444444444444
2017-04-04,0.0621597222222222
2017-04-05,0.0627152777777778
2017-04-06,0.0630972222222222
2017-04-07,0.0644375
2017-04-08,0.0631111111111111
2017-04-09,0.0656597222222222
2017-04-10,0.061625
2017-04-11,0.0676805555555555
2017-04-12,0.0617222222222222
2017-04-13,0.0620694444444444
2017-04-14,0.06275
2017-04-15,0.0630486111111111
2017-04-16,0.0626875
2017-04-17,0.0641597222222222
2017-04-18,0.0637013888888889
2017-04-19,0.0624861111111111
2017-04-20,0.0626319444444444
2017-04-21,0.0627847222222222
2017-04-22,0.0633611111111111
2017-04-23,0.0623611111111111
2017-04-24,0.0623194444444444
2017-04-25,0.0625833333333333
2017-04-26,0.0626319444444444
2017-04-27,0.0635972222222222
2017-04-28,0.0636180555555556
2017-04-29,0.0648402777777778
2017-04-30,0.0629791666666667
2017-05-01,0.0664236111111111
2017-05-02,0.062125
2017-05-03,0.0627083333333333
2017-05-04,0.0627569444444444
2017-05-05,0.0630486111111111
2017-05-06,0.0634722222222222
2017-05-07,0.0642430555555556
2017-05-08,0.0643541666666667
2017-05-09,0.0639444444444444
2017-05-10,0.0658472222222222
2017-05-11,0.0628611111111111
2017-05-12,0.0633263888888889
2017-05-13,0.0672152777777778
2017-05-14,0.0606527777777778
2017-05-15,0.0612152777777778
2017-05-16,0.0620277777777778
2017-05-17,0.0622222222222222
2017-05-18,0.0636388888888889
2017-05-19,0.0621597222222222
2017-05-20,0.0629305555555556
2017-05-21,0.0635972222222222
2017-05-22,0.0635972222222222
2017-05-23,0.0635347222222222
2017-05-24,0.0635902777777778
2017-05-25,0.0642986111111111
2017-05-26,0.0627777777777778
2017-05-27,0.0621111111111111
2017-05-28,0.063
2017-05-29,0.0635208333333333
2017-05-30,0.0642916666666667
2017-05-31,0.0644722222222222
2017-06-01,0.0640833333333333
2017-06-02,0.0646527777777778
2017-06-03,0.0649027777777778
2017-06-04,0.0652777777777778
2017-06-05,0.0652916666666667
2017-06-06,0.06525
2017-06-07,0.0655416666666667
2017-06-08,0.0657361111111111
2017-06-09,0.0655625
2017-06-10,0.0667569444444445
2017-06-11,0.064875
2017-06-12,0.0656527777777778
2017-06-13,0.0657708333333333
2017-06-14,0.0648125
2017-06-15,0.0649722222222222
2017-06-16,0.0662152777777778
2017-06-17,0.0651875
2017-06-18,0.0656388888888889
2017-06-19,0.0653125
2017-06-20,0.064
2017-06-21,0.0659861111111111
2017-06-22,0.0621458333333333
2017-06-23,0.0631458333333333
2017-06-24,0.0631319444444444
2017-06-25,0.0637222222222222
2017-06-26,0.0633680555555556
2017-06-27,0.063625
2017-06-28,0.0646805555555556
2017-06-29,0.0634305555555556
2017-06-30,0.0642083333333333
2017-07-01,0.0651527777777778
2017-07-02,0.0639027777777778
2017-07-03,0.0630902777777778
2017-07-04,0.0639513888888889
2017-07-05,0.0634305555555556
2017-07-06,0.0614375
2017-07-07,0.0621597222222222
2017-07-08,0.0628263888888889
2017-07-09,0.0631736111111111
2017-07-10,0.0631041666666667
2017-07-11,0.0631944444444444
2017-07-12,0.0638263888888889
2017-07-13,0.0637569444444444
2017-07-14,0.0641736111111111
2017-07-15,0.0645555555555556
2017-07-16,0.0655416666666667
2017-07-17,0.0662430555555556
2017-07-18,0.0650277777777778
2017-07-19,0.0630902777777778
2017-07-20,0.0635138888888889
2017-07-21,0.0638333333333333
2017-07-22,0.0641805555555556
2017-07-23,0.0650902777777778
2017-07-24,0.0644791666666667
2017-07-25,0.0664027777777778
2017-07-26,0.0672986111111111
2017-07-27,0.0622013888888889
2017-07-28,0.0619097222222222
2017-07-29,0.0622291666666667
2017-07-30,0.0621875
2017-07-31,0.0626319444444444
2017-08-01,0.0634861111111111
2017-08-02,0.0609166666666667
2017-08-03,0.0617777777777778
2017-08-04,0.0620208333333333
2017-08-05,0.0624791666666667
2017-08-06,0.0626666666666667
2017-08-07,0.0630486111111111
2017-08-08,0.0629652777777778
2017-08-09,0.0635555555555556
2017-08-10,0.0623125
2017-08-11,0.0621805555555556
2017-08-12,0.0641180555555556
2017-08-13,0.0622307692307692
2017-08-14,0.0631805555555556
2017-08-15,0.0624097222222222
2017-08-16,0.0604861111111111
2017-08-17,0.0608680555555556
2017-08-18,0.0613680555555556
2017-08-19,0.0618055555555556
2017-08-20,0.0602916666666667
2017-08-21,0.0605833333333333
2017-08-22,0.0617291666666667
2017-08-23,0.0615
2017-08-24,0.0623541666666667
2017-08-25,0.0629166666666667
2017-08-26,0.0629791666666667
2017-08-27,0.0625902777777778
2017-08-28,0.0627916666666667
2017-08-29,0.0627222222222222
2017-08-30,0.0629027777777778
2017-08-31,0.0625583333333333
2017-09-01,0.0607013888888889
2017-09-02,0.0608819444444444
2017-09-03,0.0615486111111111
2017-09-04,0.0616319444444444
2017-09-05,0.0617083333333333
2017-09-06,0.0627777777777778
2017-09-07,0.0622013888888889
2017-09-08,0.0606388888888889
2017-09-09,0.0613958333333333
2017-09-10,0.0616805555555556
2017-09-11,0.0617986111111111
2017-09-12,0.0625
2017-09-13,0.0612916666666667
2017-09-14,0.0611875
2017-09-15,0.0615625
2017-09-16,0.0609097222222222
2017-09-17,0.0620208333333333
2017-09-18,0.0602222222222222
2017-09-19,0.0605490196078431
2017-09-20,0.0616041666666667
2017-09-21,0.0619375
2017-09-22,0.0624236111111111
2017-09-23,0.0634791666666667
2017-09-24,0.0609861111111111
2017-09-25,0.0620416666666667
2017-09-26,0.0610902777777778
2017-09-27,0.0613958333333333
2017-09-28,0.0653055555555556
2017-09-29,0.0600902777777778
2017-09-30,0.0606944444444444
2017-10-01,0.0609930555555556
2017-10-02,0.0614375
2017-10-03,0.0614027777777778
2017-10-04,0.0611111111111111
2017-10-05,0.0611180555555556
2017-10-06,0.0623472222222222
2017-10-07,0.0615486111111111
2017-10-08,0.0602222222222222
2017-10-09,0.0602847222222222
2017-10-10,0.0607777777777778
2017-10-11,0.0608402777777778
2017-10-12,0.0613472222222222
2017-10-13,0.06475
2017-10-14,0.061875
2017-10-15,0.0610902777777778
2017-10-16,0.0632430555555556
2017-10-17,0.0609097222222222
2017-10-18,0.0596458333333333
2017-10-19,0.0653680555555556
2017-10-20,0.0634375
2017-10-21,0.0610555555555556
2017-10-22,0.0605833333333333
2017-10-23,0.0616458333333333
2017-10-24,0.0596597222222222
2017-10-25,0.0605208333333333
2017-10-26,0.0598194444444444
2017-10-27,0.0600208333333333
2017-10-28,0.0607916666666667
2017-10-29,0.0627638888888889
2017-10-30,0.0590416666666667
2017-10-31,0.0593680555555556
2017-11-01,0.0599236111111111
2017-11-02,0.0600347222222222
2017-11-03,0.0599305555555556
2017-11-04,0.0639444444444444
2017-11-05,0.0593055555555556
2017-11-06,0.0598055555555556
2017-11-07,0.06
2017-11-08,0.0605902777777778
2017-11-09,0.0603472222222222
2017-11-10,0.0602361111111111
2017-11-11,0.0609027777777778
2017-11-12,0.0600763888888889
2017-11-13,0.0605277777777778
2017-11-14,0.0618541666666667
2017-11-15,0.0601180555555556
2017-11-16,0.0603125
2017-11-17,0.0604513888888889
2017-11-18,0.0614930555555556
2017-11-19,0.0605
2017-11-20,0.0609166666666667
2017-11-21,0.0604652777777778
2017-11-22,0.0609444444444444
2017-11-23,0.0638125
2017-11-24,0.0595972222222222
2017-11-25,0.0598472222222222
2017-11-26,0.059875
2017-11-27,0.0599375
2017-11-28,0.0598333333333333
2017-11-29,0.0602916666666667
2017-11-30,0.0634791666666667
2017-12-01,0.0616944444444444
2017-12-02,0.0592847222222222
2017-12-03,0.0598055555555556
2017-12-04,0.0604236111111111
2017-12-05,0.0599166666666667
2017-12-06,0.0601805555555556
2017-12-07,0.0601388888888889
2017-12-08,0.0641527777777778
2017-12-09,0.0595
2017-12-10,0.0599236111111111
2017-12-11,0.0600902777777778
2017-12-12,0.0599166666666667
2017-12-13,0.0599861111111111
2017-12-14,0.0595972222222222
2017-12-15,0.0597291666666667
2017-12-16,0.0605347222222222
2017-12-17,0.0605416666666667
2017-12-18,0.0602152777777778
2017-12-19,0.0604791666666667
2017-12-20,0.0602291666666667
2017-12-21,0.0601944444444444
2017-12-22,0.0601736111111111
2017-12-23,0.0603680555555556
2017-12-24,0.0606527777777778
2017-12-25,0.0610208333333333
2017-12-26,0.0594930555555556
2017-12-27,0.0596527777777778
2017-12-28,0.0587986111111111
2017-12-29,0.0587291666666667
2017-12-30,0.0588194444444444
2017-12-31,0.0596041666666667
2018-01-01,0.0595486111111111
2018-01-02,0.0597083333333333
2018-01-03,0.0600138888888889
2018-01-04,0.0593055555555556
2018-01-05,0.0593333333333333
2018-01-06,0.0596527777777778
2018-01-07,0.0592986111111111
2018-01-08,0.0625138888888889
2018-01-09,0.0601319444444444
2018-01-10,0.0592291666666667
2018-01-11,0.0592777777777778
2018-01-12,0.0589861111111111
2018-01-13,0.058875
2018-01-14,0.0582777777777778
2018-01-15,0.0585694444444444
2018-01-16,0.0589444444444444
2018-01-17,0.0613263888888889
2018-01-18,0.0584583333333333
2018-01-19,0.0585138888888889
2018-01-20,0.0590138888888889
2018-01-21,0.0593680555555556
2018-01-22,0.0631666666666667
2018-01-23,0.0516666666666667
2018-01-24,0.0529027777777778
2018-01-25,0.0531875
2018-01-26,0.05325
2018-01-27,0.0536944444444444
2018-01-28,0.0537254901960784
2018-01-29,0.0554097222222222
2018-01-30,0.0542847222222222
2018-01-31,0.0541944444444444
2018-02-01,0.0553194444444444
2018-02-02,0.0562222222222222
2018-02-03,0.0566111111111111
2018-02-04,0.0577569444444444
2018-02-05,0.0587222222222222
2018-02-06,0.0583680555555556
2018-02-07,0.0577986111111111
2018-02-08,0.0575347222222222
2018-02-09,0.05775
2018-02-10,0.0586805555555556
2018-02-11,0.0602361111111111
2018-02-12,0.0582291666666667
2018-02-13,0.0582986111111111
2018-02-14,0.0584375
2018-02-15,0.0585486111111111
2018-02-16,0.0584513888888889
2018-02-17,0.0590972222222222
2018-02-18,0.0587013888888889
2018-02-19,0.0588611111111111
2018-02-20,0.0590138888888889
2018-02-21,0.0591319444444444
2018-02-22,0.0596527777777778
2018-02-23,0.0587986111111111
2018-02-24,0.0588125
2018-02-25,0.0589236111111111
2018-02-26,0.0588611111111111
2018-02-27,0.059
2018-02-28,0.05925
2018-03-01,0.0635069444444444
2018-03-02,0.0584791666666667
2018-03-03,0.0582708333333333
2018-03-04,0.0585486111111111
2018-03-05,0.0627013888888889
2018-03-06,0.0602083333333333
2018-03-07,0.0575763888888889
2018-03-08,0.0622708333333333
2018-03-09,0.0617986111111111
2018-03-10,0.0590138888888889
2018-03-11,0.0580208333333333
2018-03-12,0.0582847222222222
2018-03-13,0.0584513888888889
2018-03-14,0.0589513888888889
2018-03-15,0.0591650485436893
2018-03-16,0.0619583333333333
2018-03-17,0.0593194444444444
2018-03-18,0.0595347222222222
2018-03-19,0.0606805555555556
2018-03-20,0.0619300699300699
2018-03-21,0.0637083333333333
2018-03-22,0.0614166666666667
2018-03-23,0.0589513888888889
2018-03-24,0.0592638888888889
2018-03-25,0.0594583333333333
2018-03-26,0.0596041666666667
2018-03-27,0.0599583333333333
2018-03-28,0.0600208333333333
2018-03-29,0.0603055555555556
2018-03-30,0.0597638888888889
2018-03-31,0.0599027777777778
2018-04-01,0.0602569444444444
2018-04-02,0.06025
2018-04-03,0.0604722222222222
2018-04-04,0.061
2018-04-05,0.0608611111111111
2018-04-06,0.0602291666666667
2018-04-07,0.0610625
2018-04-08,0.0606597222222222
2018-04-09,0.0609305555555556
2018-04-10,0.0608402777777778
2018-04-11,0.0607638888888889
2018-04-12,0.0611944444444444
2018-04-13,0.0615694444444444
2018-04-14,0.06225
2018-04-15,0.0628888888888889
2018-04-16,0.0596875
2018-04-17,0.0602569444444444
2018-04-18,0.0627708333333333
2018-04-19,0.0589305555555556
2018-04-20,0.0596875
2018-04-21,0.0600138888888889
2018-04-22,0.0605625
2018-04-23,0.0599791666666667
2018-04-24,0.0603888888888889
2018-04-25,0.0605416666666667
2018-04-26,0.0586666666666667
2018-04-27,0.0589861111111111
2018-04-28,0.0596180555555556
2018-04-29,0.0597013888888889
2018-04-30,0.0593263888888889
2018-05-01,0.0603472222222222
2018-05-02,0.0620555555555556
2018-05-03,0.0625902777777778
2018-05-04,0.0600069444444444
2018-05-05,0.0590902777777778
2018-05-06,0.0599444444444444
2018-05-07,0.0620416666666667
2018-05-08,0.0595833333333333
2018-05-09,0.0608333333333333
2018-05-10,0.0596111111111111
2018-05-11,0.0584583333333333
2018-05-12,0.0590902777777778
2018-05-13,0.0608472222222222
2018-05-14,0.0586041666666667
2018-05-15,0.0593125
2018-05-16,0.0595694444444444
2018-05-17,0.0598194444444444
2018-05-18,0.0598402777777778
2018-05-19,0.0607013888888889
2018-05-20,0.0585763888888889
2018-05-21,0.0594166666666667
2018-05-22,0.0600902777777778
2018-05-23,0.0604791666666667
2018-05-24,0.0586180555555556
2018-05-25,0.0588402777777778
2018-05-26,0.0592986111111111
2018-05-27,0.0595416666666667
2018-05-28,0.0596666666666667
2018-05-29,0.0595833333333333
2018-05-30,0.0599097222222222
2018-05-31,0.059375
2018-06-01,0.0592222222222222
2018-06-02,0.0589652777777778
2018-06-03,0.0593472222222222
2018-06-04,0.0595833333333333
2018-06-05,0.0597708333333333
2018-06-06,0.0622781954887218
2018-06-07,0.0594652777777778
2018-06-08,0.0590555555555556
2018-06-09,0.0602222222222222
2018-06-10,0.0604305555555556
2018-06-11,0.0599166666666667
2018-06-12,0.0586111111111111
2018-06-13,0.0579444444444444
2018-06-14,0.0577638888888889
2018-06-15,0.0593055555555556
2018-06-16,0.0579652777777778
2018-06-17,0.0575347222222222
2018-06-18,0.0579583333333333
2018-06-19,0.0584513888888889
2018-06-20,0.0594861111111111
2018-06-21,0.0577708333333333
2018-06-22,0.058625
2018-06-23,0.0598680555555556
2018-06-24,0.0581319444444444
2018-06-25,0.0590486111111111
2018-06-26,0.0589930555555556
2018-06-27,0.0589722222222222
2018-06-28,0.0593402777777778
2018-06-29,0.0592569444444444
2018-06-30,0.0596041666666667
2018-07-01,0.0599375
2018-07-02,0.0605069444444444
2018-07-03,0.0610416666666667
2018-07-04,0.0612708333333333
2018-07-05,0.0609722222222222
2018-07-06,0.0601597222222222
2018-07-07,0.0575902777777778
2018-07-08,0.0584236111111111
2018-07-09,0.0585625
2018-07-10,0.0592152777777778
2018-07-11,0.0603055555555556
2018-07-12,0.0598333333333333
2018-07-13,0.0600347222222222
2018-07-14,0.0603194444444444
2018-07-15,0.0603541666666667
2018-07-16,0.0611666666666667
2018-07-17,0.0599652777777778
2018-07-18,0.0603541666666667
2018-07-19,0.0606597222222222
2018-07-20,0.0607708333333333
2018-07-21,0.0611041666666667
2018-07-22,0.0618472222222222
2018-07-23,0.0622708333333333
2018-07-24,0.062125
2018-07-25,0.0617152777777778
2018-07-26,0.0618055555555556
2018-07-27,0.0620833333333333
2018-07-28,0.0598125
2018-07-29,0.0576875
2018-07-30,0.0583680555555556
2018-07-31,0.0587361111111111
2018-08-01,0.0602569444444444
2018-08-02,0.0592222222222222
2018-08-03,0.0594722222222222
2018-08-04,0.0596319444444444
2018-08-05,0.0600694444444444
2018-08-06,0.0612361111111111
2018-08-07,0.0608394160583942
2018-08-08,0.0575208333333333
2018-08-09,0.0591458333333333
2018-08-10,0.0583472222222222
2018-08-11,0.058625
2018-08-12,0.0584236111111111
2018-08-13,0.0588055555555556
2018-08-14,0.0592083333333333
2018-08-15,0.0591041666666667
2018-08-16,0.0596111111111111
2018-08-17,0.0602083333333333
2018-08-18,0.0601527777777778
2018-08-19,0.0605833333333333
2018-08-20,0.0606875
2018-08-21,0.0610902777777778
2018-08-22,0.0609861111111111
2018-08-23,0.0612361111111111
2018-08-24,0.0608263888888889
2018-08-25,0.0615833333333333
2018-08-26,0.0611111111111111
2018-08-27,0.0612777777777778
2018-08-28,0.0607083333333333
2018-08-29,0.0604930555555556
2018-08-30,0.0610373831775701
2018-10-05,0.0590416666666667
2018-10-06,0.0587013888888889
2018-10-07,0.0589861111111111
2018-10-08,0.0588263888888889
2018-10-09,0.0591458333333333
2018-10-10,0.0590902777777778
2018-10-11,0.0590208333333333
2018-10-12,0.0598125
2018-10-13,0.0584236111111111
2018-10-14,0.0599861111111111
2018-10-15,0.0587986111111111
2018-10-16,0.0590769230769231
2018-10-17,0.0595277777777778
2018-10-18,0.0589305555555556
2018-10-19,0.0594375
2018-10-20,0.0592708333333333
2018-10-21,0.0590416666666667
2018-10-22,0.0593125
2018-10-23,0.0596875
2018-10-24,0.059625
2018-10-25,0.0587916666666667
2018-10-26,0.0590138888888889
2018-10-27,0.0600763888888889
2018-10-28,0.0584652777777778
2018-10-29,0.0588263888888889
2018-10-30,0.0593680555555556
2018-10-31,0.0588611111111111
2018-11-01,0.0586180555555556
2018-11-02,0.0586458333333333
2018-11-03,0.0587361111111111
2018-11-04,0.0591111111111111
2018-11-05,0.0583333333333333
2018-11-06,0.0598125
2018-11-07,0.0571597222222222
2018-11-08,0.0577152777777778
2018-11-09,0.0579513888888889
2018-11-10,0.0578333333333333
2018-11-11,0.0582013888888889
2018-11-12,0.0588333333333333
2018-11-13,0.0583958333333333
2018-11-14,0.0581041666666667
2018-11-15,0.0582708333333333
2018-11-16,0.0585555555555556
2018-11-17,0.0586319444444444
2018-11-18,0.0586319444444444
2018-11-19,0.0592430555555556
2018-11-20,0.0588981481481482
2018-11-21,0.0588680555555556
2018-11-22,0.0606527777777778
2018-11-23,0.0580625
2018-11-24,0.05775
2018-11-25,0.0581527777777778
2018-11-26,0.0583472222222222
2018-11-27,0.0581111111111111
2018-11-28,0.0583611111111111
2018-11-29,0.0583888888888889
2018-11-30,0.0583819444444444
2018-12-01,0.0585486111111111
2018-12-02,0.0582708333333333
2018-12-03,0.0586642857142857
2018-12-04,0.0591805555555556
2018-12-05,0.0615763888888889
2018-12-06,0.0608611111111111
2018-12-07,0.0582708333333333
2018-12-08,0.0580833333333333
2018-12-09,0.0582916666666667
2018-12-10,0.0579652777777778
2018-12-11,0.0589652777777778
2018-12-12,0.0593888888888889
2018-12-13,0.0572986111111111
2018-12-14,0.0578125
2018-12-15,0.0575902777777778
2018-12-16,0.0580138888888889
2018-12-17,0.0595486111111111
2018-12-18,0.0579444444444444
2018-12-19,0.0581666666666667
2018-12-20,0.0581319444444444
2018-12-21,0.0580277777777778
2018-12-22,0.0582986111111111
2018-12-23,0.0594861111111111
2018-12-24,0.0576180555555556
2018-12-25,0.0578402777777778
2018-12-26,0.058375
2018-12-27,0.0583958333333333
2018-12-28,0.0581458333333333
2018-12-29,0.057875
2018-12-30,0.0579097222222222
2018-12-31,0.0577708333333333
2019-01-01,0.0580208333333333
2019-01-02,0.0579722222222222
2019-01-03,0.0578125
2019-01-04,0.0577708333333333
2019-01-05,0.0583680555555556
2019-01-06,0.058125
2019-01-07,0.0580416666666667
2019-01-08,0.0580972222222222
2019-01-09,0.057875
2019-01-10,0.0581041666666667
2019-01-11,0.0580208333333333
2019-01-12,0.0580902777777778
2019-01-13,0.0580763888888889
2019-01-14,0.0582083333333333
2019-01-15,0.0585138888888889
2019-01-16,0.0591944444444444
2019-01-17,0.0588958333333333
2019-01-18,0.0581041666666667
2019-01-19,0.0580069444444444
2019-01-20,0.0586180555555556
2019-01-21,0.0586805555555556
2019-01-22,0.0587986111111111
2019-01-23,0.0587847222222222
2019-01-24,0.0587430555555556
2019-01-25,0.0584166666666667
2019-01-26,0.0591041666666667
2019-01-27,0.0583272727272727
2019-01-28,0.0585138888888889
2019-01-29,0.0591458333333333
2019-01-30,0.0589444444444444
2019-01-31,0.0652638888888889
2019-02-01,0.0561805555555556
2019-02-02,0.056
2019-02-03,0.0568541666666667
2019-02-04,0.0577777777777778
2019-02-05,0.0576458333333333
2019-02-06,0.0591388888888889
2019-02-07,0.0577361111111111
2019-02-08,0.0574305555555556
2019-02-09,0.0584722222222222
2019-02-10,0.0570902777777778
2019-02-11,0.0573125
2019-02-12,0.0572430555555556
2019-02-13,0.0577569444444444
2019-02-14,0.0574166666666667
2019-02-15,0.0572569444444444
2019-02-16,0.0580208333333333
2019-02-17,0.0576875
2019-02-18,0.0579166666666667
2019-02-19,0.0601666666666667
2019-02-20,0.0590763888888889
2019-02-21,0.0582291666666667
2019-02-22,0.0571458333333333
2019-02-23,0.0574861111111111
2019-02-24,0.0578680555555556
2019-02-25,0.057875
2019-02-26,0.0577291666666667
2019-02-27,0.0580972222222222
2019-02-28,0.0674027777777778
2019-03-01,0.0569861111111111
2019-03-02,0.0565763888888889
2019-03-03,0.0596666666666667
2019-03-04,0.0615208333333333
2019-03-05,0.056375
2019-03-06,0.0566527777777778
2019-03-07,0.0587291666666667
2019-03-08,0.0560416666666667
2019-03-09,0.0565486111111111
2019-03-10,0.0568611111111111
2019-03-11,0.0583888888888889
2019-03-12,0.0561458333333333
2019-03-13,0.0567430555555556
2019-03-14,0.0569305555555556
2019-03-15,0.0570486111111111
2019-03-16,0.0573125
2019-03-17,0.0571458333333333
2019-03-18,0.057125
2019-03-19,0.0573194444444444
2019-03-20,0.0572777777777778
2019-03-21,0.0584722222222222
2019-03-22,0.0573611111111111
2019-03-23,0.0576111111111111
2019-03-24,0.0575208333333333
2019-03-25,0.0572708333333333
2019-03-26,0.0583796296296296
2019-03-27,0.0592916666666667
2019-03-28,0.0594722222222222
2019-03-29,0.0591527777777778
2019-03-30,0.0611527777777778
2019-03-31,0.0596875
2019-04-01,0.0590833333333333
2019-04-02,0.0585486111111111
2019-04-03,0.0584930555555556
2019-04-04,0.0589166666666667
2019-04-05,0.0592916666666667
2019-04-06,0.0591388888888889
2019-04-07,0.0591805555555556
2019-04-08,0.0602916666666667
2019-04-09,0.0588472222222222
2019-04-10,0.0632708333333333
2019-04-11,0.0592222222222222
2019-04-12,0.0576805555555556
2019-04-13,0.0580486111111111
2019-04-14,0.0590069444444444
2019-04-15,0.0595833333333333
2019-04-16,0.0578333333333333
2019-04-17,0.0579861111111111
2019-04-18,0.0581041666666667
2019-04-19,0.0589097222222222
2019-04-20,0.0581875
2019-04-21,0.058625
2019-04-22,0.0591388888888889
2019-04-23,0.0586319444444444
2019-04-24,0.0593958333333333
2019-04-25,0.0591736111111111
2019-04-26,0.0590972222222222
2019-04-27,0.0611527777777778
2019-04-28,0.0575902777777778
2019-04-29,0.0579305555555556
2019-04-30,0.0594097222222222
2019-05-01,0.0607777777777778
2019-05-02,0.0578055555555556
2019-05-03,0.0575763888888889
2019-05-04,0.0579375
2019-05-05,0.0580972222222222
2019-05-06,0.058125
2019-05-07,0.0584444444444444
2019-05-08,0.058625
2019-05-09,0.0590138888888889
2019-05-10,0.0594513888888889
2019-05-11,0.0596527777777778
2019-05-12,0.0590138888888889
2019-05-13,0.0593680555555556
2019-05-14,0.0597986111111111
2019-05-15,0.0590625
2019-05-16,0.0591458333333333
2019-05-17,0.0594861111111111
2019-05-18,0.0596805555555556
2019-05-19,0.0597569444444444
2019-05-20,0.0599513888888889
2019-05-21,0.0617986111111111
2019-05-22,0.0571180555555556
2019-05-23,0.0577222222222222
2019-05-24,0.0583263888888889
2019-05-25,0.0590416666666667
2019-05-26,0.0595416666666667
2019-05-27,0.06
2019-05-28,0.0594722222222222
2019-05-29,0.0589722222222222
2019-05-30,0.0581527777777778
2019-05-31,0.0585277777777778
2019-06-01,0.0591805555555556
2019-06-02,0.0593541666666667
2019-06-03,0.0593194444444444
2019-06-04,0.0594861111111111
2019-06-05,0.0596180555555556
2019-06-06,0.0601180555555556
2019-06-07,0.0622083333333333
2019-06-08,0.0586388888888889
2019-06-09,0.0588263888888889
2019-06-10,0.0628958333333333
2019-06-11,0.058375
2019-06-12,0.0568194444444444
2019-06-13,0.0574722222222222
2019-06-14,0.0576805555555556
2019-06-15,0.0602986111111111
2019-06-16,0.057875
2019-06-17,0.057375
2019-06-18,0.0577569444444444
2019-06-19,0.0582430555555556
2019-06-20,0.0583958333333333
2019-06-21,0.058375
2019-06-22,0.0584861111111111
2019-06-23,0.0584722222222222
2019-06-24,0.0586180555555556
2019-06-25,0.0579513888888889
2019-06-26,0.0586736111111111
2019-06-27,0.0590833333333333
2019-06-28,0.0589722222222222
2019-06-29,0.0593055555555556
2019-06-30,0.0633611111111111
2019-07-01,0.0578601398601399
2019-07-02,0.0574930555555556
2019-07-03,0.0580833333333333
2019-07-04,0.0592152777777778
2019-07-05,0.0560069444444444
2019-07-06,0.0567916666666667
2019-07-07,0.0567986111111111
2019-07-08,0.0566805555555556
2019-07-09,0.0569722222222222
2019-07-10,0.0572291666666667
2019-07-11,0.0577152777777778
2019-07-12,0.058
2019-07-13,0.0584722222222222
2019-07-14,0.0625347222222222
2019-07-15,0.0577638888888889
2019-07-16,0.0580833333333333
2019-07-17,0.0565208333333333
2019-07-18,0.0564236111111111
2019-07-19,0.0566736111111111
2019-07-20,0.057625
2019-07-21,0.0558888888888889
2019-07-22,0.0559930555555556
2019-07-23,0.0562361111111111
2019-07-24,0.0555486111111111
2019-07-25,0.0563402777777778
2019-07-26,0.0566319444444444
2019-07-27,0.0564861111111111
2019-07-28,0.0579652777777778
2019-07-29,0.0567638888888889
2019-07-30,0.0572708333333333
2019-07-31,0.0577291666666667
2019-08-01,0.0580277777777778
2019-08-02,0.0582222222222222
2019-08-03,0.0583472222222222
2019-08-04,0.0585277777777778
2019-08-05,0.0587361111111111
2019-08-06,0.0591527777777778
2019-08-07,0.0595486111111111
2019-08-08,0.0599305555555556
2019-08-09,0.0599652777777778
2019-08-10,0.0601319444444444
2019-08-11,0.0602916666666667
2019-08-12,0.0601736111111111
2019-08-13,0.0604375
2019-08-14,0.0593819444444444
2019-08-15,0.0597430555555556
2019-08-16,0.0603194444444444
2019-08-17,0.059
